{"Training loss": 0.0013124896213412285, "_timestamp": 1674088975.2854939, "_runtime": 3787.0214507579803, "_step": 10000}