{"Training loss": 0.014869204722344875, "_timestamp": 1674085150.3862417, "_runtime": 3966.584565639496, "_step": 9907}