{"Training loss": 0.0004617361701093614, "Validation loss": 0.0004943623789586127, "_timestamp": 1674246208.741472, "_runtime": 9759.361577033997, "_step": 10000, "_wandb": {"runtime": 9760}}