{"Training loss": 0.0012813347857445478, "_timestamp": 1674093645.7865686, "_runtime": 4035.3013665676117, "_step": 10000, "_wandb": {"runtime": 4036}}