{"Training loss": 0.05557048320770264, "_timestamp": 1674078873.1495316, "_runtime": 179.38771867752075, "_step": 515}