{"Training loss": 0.0012608763063326478, "Validation loss": 0.00438665971159935, "_timestamp": 1674143567.491386, "_runtime": 2977.0294580459595, "_step": 10000, "_wandb": {"runtime": 2977}}